{"u": {"min": -19.8128, "max": 22.79312, "mean": 1.49016}, "v": {"min": -23.51668, "max": 23.240267, "mean": -0.1382056}, "msl": {"min": 96824.2, "max": 103687.2, "mean": 100255.7}, "q700": {"min": 0, "max": 0.0146, "mean": 0.0073}, "t2m": {"min": -5.2, "max": 32.262, "mean": 13.531}, "lr": {"min": 0, "max": 1277.652, "mean": 638.826}}